Workbook

Sheet Read Me
A1: IQP Report Revision Tracker
A2: Interference Patterns: A Resonant Space - draft dated May 4, 2026 (37 pages)
A4: How to use this workbook
A5: Changes by Section: one row per edit to the existing draft. Filter by Section, Type or Priority. Page numbers are the ones printed in the draft.
A6: Sections to Add: proposed new sections with draft text ready to paste and adapt.
A7: Edit only the Status and Notes columns. Status is a dropdown: To do, In progress, Done, Not needed.
A8: Priority: High = content that is out of date or missing. Medium = structure and citation errors. Low = grammar and wording.
A10: Before you use the draft text
A11: Draft sections were written from the project files (firmware, notes and datasheets dated 21-23 September 2026). Anything that has changed since then must be updated.
A12: Text in [square brackets] is a placeholder for a fact only you have, such as test results or actuator counts. Do not submit it as written.
A13: The project notes say the revised motor board was not yet built and the gateway was not yet run on hardware. Section 4.3 must report what was actually tested.
A14: The report describes an arch wall with scissor units; the control spec describes 13 actuators in a 5 / 3 / 5 honeycomb. Reconcile these before using 3.4.4.
... A17: Progress
A18: Type | B18: Total | C18: To do | D18: In progress | E18: Done | F18: Not needed
A19: Content update | B19: =COUNTIF('Changes by Section'!$D$2:$D$178,$A19) -> 17 | C19: =COUNTIFS('Changes by Section'!$D$2:$D$178,$A19,'Changes by Section'!$H$2:$H$178,"To do") -> 17 | D19: =COUNTIFS('Changes by Section'!$D$2:$D$178,$A19,'Changes by Section'!$H$2:$H$178,"In progress") -> 0 | E19: =COUNTIFS('Changes by Section'!$D$2:$D$178,$A19,'Changes by Section'!$H$2:$H$178,"Done") -> 0 | F19: =COUNTIFS('Changes by Section'!$D$2:$D$178,$A19,'Changes by Section'!$H$2:$H$178,"Not needed") -> 0
A20: Structure | B20: =COUNTIF('Changes by Section'!$D$2:$D$178,$A20) -> 11 | C20: =COUNTIFS('Changes by Section'!$D$2:$D$178,$A20,'Changes by Section'!$H$2:$H$178,"To do") -> 11 | D20: =COUNTIFS('Changes by Section'!$D$2:$D$178,$A20,'Changes by Section'!$H$2:$H$178,"In progress") -> 0 | E20: =COUNTIFS('Changes by Section'!$D$2:$D$178,$A20,'Changes by Section'!$H$2:$H$178,"Done") -> 0 | F20: =COUNTIFS('Changes by Section'!$D$2:$D$178,$A20,'Changes by Section'!$H$2:$H$178,"Not needed") -> 0
A21: Citation | B21: =COUNTIF('Changes by Section'!$D$2:$D$178,$A21) -> 11 | C21: =COUNTIFS('Changes by Section'!$D$2:$D$178,$A21,'Changes by Section'!$H$2:$H$178,"To do") -> 11 | D21: =COUNTIFS('Changes by Section'!$D$2:$D$178,$A21,'Changes by Section'!$H$2:$H$178,"In progress") -> 0 | E21: =COUNTIFS('Changes by Section'!$D$2:$D$178,$A21,'Changes by Section'!$H$2:$H$178,"Done") -> 0 | F21: =COUNTIFS('Changes by Section'!$D$2:$D$178,$A21,'Changes by Section'!$H$2:$H$178,"Not needed") -> 0
A22: Grammar / wording | B22: =COUNTIF('Changes by Section'!$D$2:$D$178,$A22) -> 137 | C22: =COUNTIFS('Changes by Section'!$D$2:$D$178,$A22,'Changes by Section'!$H$2:$H$178,"To do") -> 137 | D22: =COUNTIFS('Changes by Section'!$D$2:$D$178,$A22,'Changes by Section'!$H$2:$H$178,"In progress") -> 0 | E22: =COUNTIFS('Changes by Section'!$D$2:$D$178,$A22,'Changes by Section'!$H$2:$H$178,"Done") -> 0 | F22: =COUNTIFS('Changes by Section'!$D$2:$D$178,$A22,'Changes by Section'!$H$2:$H$178,"Not needed") -> 0
A23: New sections to add | B23: =COUNTA('Sections to Add'!$B$2:$B$21) -> 19 | C23: =COUNTIF('Sections to Add'!$H$2:$H$21,"To do") -> 19 | D23: =COUNTIF('Sections to Add'!$H$2:$H$21,"In progress") -> 0 | E23: =COUNTIF('Sections to Add'!$H$2:$H$21,"Done") -> 0 | F23: =COUNTIF('Sections to Add'!$H$2:$H$21,"Not needed") -> 0
A24: Total | B24: =SUM(B19:B23) -> 195 | C24: =SUM(C19:C23) -> 195 | D24: =SUM(D19:D23) -> 0 | E24: =SUM(E19:E23) -> 0 | F24: =SUM(F19:F23) -> 0

Sheet Changes by Section
A1: # | B1: Section | C1: Page | D1: Type | E1: Current text / issue | F1: Change to make | G1: Priority | H1: Status | I1: Notes
A3: 1 | B3: Title page | C3: cover | D3: Content update | E3: Lists one author (Corwin M. Loomis-Price) and the date May 4, 2026, but the text says "we" and "the team." | F3: Update the author list, advisor line, and submission date for the current term. Confirm with your advisor whether this is one continuing report or a new report that cites the earlier one. | G3: High | H3: To do
A4: 2 | B4: Abstract | C4: i | D4: Content update | E4: Describes only research and a proposed display. No mention of the control system. | F4: Add one or two sentences on what was built: the actuated wall, the ESP32 motor driver boards, time-of-flight sensing, and the wireless master control software. | G4: High | H4: To do
A5: 3 | B5: Executive Summary | C5: iii | D5: Content update | E5: 3. Methodology says the work was research, brainstorming and fabrication only. | F5: Add the controls work: custom motor driver board, firmware, wireless link, master software, sensor testing. | G5: High | H5: To do
A6: 4 | B6: Executive Summary | C6: iii | D6: Content update | E6: 4. Findings: "the complete immersive installation was not finalized" and treats the wall as a static prototype. | F6: Restate what now works and what does not. Use the same status wording as the new Section 4.3. | G6: High | H6: To do
A7: 5 | B7: Executive Summary | C7: iii | D7: Content update | E7: 5. Recommendations lists "Sensor testing and responsive system integration" as future work. | F7: Remove or narrow items that are now done; replace with the remaining work (camera tracking, sensor port to ESP32, board revision, lighting, sound, participant study). | G7: High | H7: To do
A8: 6 | B8: 3.2.3 | C8: 8 | D8: Content update | E8: Methods paragraph mentions "motion sensors" in general terms. | F8: Name the actual sensing approach (VL53L0X time-of-flight threshold sensors, planned overhead cameras) and point to the new Section 3.4.9. | G8: High | H8: To do
A9: 7 | B9: 3.4 | C9: 13 | D9: Content update | E9: Intro says this iteration "primarily focused on intellectual development and construction of the foundational arches wall structures. Additional features remain areas for continued research." | F9: Rewrite to introduce both halves of the build: mechanical (3.4.1-3.4.3) and electrical/controls (new 3.4.4-3.4.9). | G9: High | H9: To do
A10: 8 | B10: 3.4.2 | C10: 14-16 | D10: Content update | E10: Describes the linear actuators but not how they are powered or driven. | F10: Add one sentence that each actuator is driven by a BTS7960 H-bridge and refer to new Section 3.4.5. Add actuator model, stroke and voltage if known. | G10: High | H10: To do
A11: 9 | B11: 3.4.3 | C11: 16-18 | D11: Content update | E11: Describes "arches" and scissor wall units. Your control spec describes 13 hexagonal actuator positions in three rows (5 / 3 / 5). | F11: Reconcile the two descriptions. State the actual number of actuators and their layout, and add a layout figure. | G11: High | H11: To do
A12: 10 | B12: 4 Findings | C12: 19 | D12: Content update | E12: Opening paragraph says the iteration "focused on conceptual development and construction of the foundational archway wall prototype." | F12: Update to include control system development and bench testing. Keep the "preliminary" caveat for wellness outcomes. | G12: High | H12: To do
A13: 11 | B13: 4.1 | C13: 19-20 | D13: Content update | E13: "Even without the full integration of responsive systems..." | F13: Update to reflect the level of integration actually reached at submission. | G13: High | H13: To do
A14: 12 | B14: 4.2 | C14: 20-21 | D14: Content update | E14: Six-item list of future focus areas includes "Implementing motion-responsive interaction." | F14: Move completed items into findings; keep only work that is still open. | G14: High | H14: To do
... A178: 176 | B178: 5.4 Conclusions | C178: 26 | D178: Grammar / wording | E178: interactive artistic engineering focussed environments | F178: interactive, engineering-focused artistic environments | G178: Low | H178: To do

Sheet Sections to Add
A1: Proposed # | B1: Section title | C1: Where it goes | D1: Why it is needed | E1: Draft text | F1: Check or fill in before using | G1: Source in project files | H1: Status
A3: 2.6 | B3: Sensing, Actuation, and Control Technology | C3: Background, after 2.5 Precedent Art Research | D3: The report never explains the technology the wall depends on. A reader needs this before the new construction sections. | E3: Responsive installations depend on three technical capabilities: sensing the presence of a participant, producing physical motion, and coordinating the two. This project used low-cost components that are common in student engineering work so that future teams can maintain and extend the system. Presence was sensed with the VL53L0X time-of-flight (ToF) ranging sensor. A ToF sensor emits pulses of infrared laser light and measures the time the reflected light takes to return, which gives an absolute distance that does not depend on the color or reflectance of the target in the way that simple infrared proximity sensors do. The VL53L0X reports distances up to roughly two meters over an I2C connection, which is sufficient to detect a person crossing a hallway threshold. Motion was produced by electric linear actuators. A DC actuator reverses direction when the polarity of its supply is reversed, so each actuator requires an H-bridge, a circuit of four switches that can connect the motor to the supply in either direction. The BTS7960 is a high-current half-bridge device; two of them form a full H-bridge that a microcontroller can command with two pulse-width-modulated (PWM) signals, one for each direction, where the duty cycle sets the speed. Control was handled by the ESP32-WROOM-32, a microcontroller module with integrated Wi-Fi and enough PWM-capable pins to drive several actuators at once. The ESP32 also supports ESP-NOW, a connectionless wireless protocol from Espressif that lets boards exchange short packets addressed by hardware (MAC) address without a router. This allowed the wall's controller boards to be commanded without signal wiring between them. | F3: Add citations for the three datasheets and the ESP-NOW documentation. Confirm the sensor range figure against your own test results. | G3: DS_vl53l0x.pdf; BTS7960 Motor Driver.pdf; esp32-wroom-32_datasheet_en.pdf | H3: To do
A4: 3.2.4 | B4: Objective 4: Develop the Responsive Control System | C4: Methodology, after Objective 3 | D4: The three existing objectives cover research and concept only. The controls work needs its own objective so the Findings can report against it. | E4: This objective focused on giving the fabricated wall the ability to respond to people. The team set out to design the electronics, firmware, and software needed to detect a participant and move individual wall sections in response. Objective 4: Research Questions: - How can a participant's presence and position be detected reliably in a public hallway? - How can many un-encoded linear actuators be driven safely and repeatably? - How should motion be distributed across the wall so that the response reads as intentional rather than mechanical? Methods: The team selected components, designed a custom motor driver board, wrote firmware for the controller boards, and wrote a master control application. Each part was tested on the bench before integration. The construction of these systems is described in Sections 3.4.4 through 3.4.9. | F4: Adjust the research questions to match what your advisor expects. Update Section 3.2 intro to say there are four objectives. | G4: Project description; claude/resonant-wall-master-spec.md | H4: To do
A5: 3.4.4 | B5: Control System Architecture | C5: Construction Process, after 3.4.3 Wall Creation | D5: Gives the reader the whole system before the detail sections. Needs one block-diagram figure. | E5: The control system was organized in three layers. At the top, a master control application running on a PC decides how far each section of the wall should extend. In the middle, a single ESP32 connected to the PC by USB acts as a wireless gateway. At the bottom, three ESP32 motor driver boards mounted on the wall each control one horizontal row of actuators. The wall was laid out as three rows of actuated sections in a staggered honeycomb pattern: five in the top row, three in the middle row, and five in the bottom row, for thirteen actuators in total. Each actuator is identified by its row and column (for example, M2,3 is the third actuator in the middle row), and each row is owned by one board. Figure [X] shows the layout and the flow of commands from the master to the actuators. This arrangement keeps the boards on the wall simple. A board knows only how to move its own actuators safely and report their state. All decisions about which sections move, and when, are made by the master, so the behavior of the installation can be changed in software without reflashing the boards. | F5: Confirm the 5 / 3 / 5 layout and thirteen-actuator count against the physical wall. Add a block diagram and a layout figure. | G5: claude/resonant-wall-master-spec.md; claude/master-ui-and-gateway.md | H5: To do
A6: 3.4.5 | B6: Motor Driver Board Design | C6: After 3.4.4 | D6: The custom PCB is a major deliverable and is not mentioned anywhere in the draft. | E6: A custom printed circuit board was designed in KiCad to hold one ESP32-WROOM-32 development module and connections for up to five BTS7960 motor drivers. Each driver receives two PWM signals from the ESP32, one that extends the actuator and one that retracts it. Safety at power-up was a design requirement. The enable inputs of all five drivers are tied to a single ESP32 pin that is pulled to ground through a 10 kOhm resistor. The drivers therefore remain disabled whenever the microcontroller is unpowered, resetting, or has not yet started its program, and the actuators cannot move until the firmware deliberately enables them. Each actuator has one limit-switch input. The extend and retract limit switches for an actuator share that single input, which halves the number of pins required; the firmware determines which switch was reached from the direction the actuator was travelling. The board also reserves pins for five infrared sensor inputs and one addressable LED data line for future lighting. The schematic is shown in Figure [X] and the full pin assignment is given in Appendix C. An earlier prototype board, which carried only the PWM connections and no limit switches, was used for initial bench testing while the revised board was being prepared. | F6: State whether the new board has been fabricated and tested by submission. Add power-supply details (voltage, current, connector, fusing). Add schematic and PCB figures. | G6: MotorDriver Board.pdf; MotorDriver Board.kicad_pcb; firmware/motor-board/config.h | H6: To do
A7: 3.4.6 | B7: Motor Board Firmware | C7: After 3.4.5 | D7: Documents how the actuators are controlled and how position is known without encoders. | E7: A single firmware program, written in C++ with the Arduino framework for ESP32, runs on all three motor driver boards. Two settings identify each board: its row and the number of actuators it drives. The linear actuators have no position sensors, so the firmware estimates position from time. During a calibration routine, each actuator is retracted to its limit switch, then driven to the opposite limit while the firmware measures how long the full stroke takes. That travel time is stored in the board's non-volatile memory, separately for each actuator, because travel time varies from one actuator to another. Afterward, a request to move to a given percentage of extension is converted into a drive time. At power-up, every actuator performs a homing move to its retract limit so that it starts from a known position. Because the two limit switches share one input, an actuator that starts with a switch already pressed first moves outward briefly and then approaches the retract limit, which guarantees it ends at the correct end. Each actuator is managed as a small state machine with states for homing, idle, moving, calibrating, and fault. Every move is supervised by a timeout set to 1.5 times the measured travel time. If no limit switch is reached within that time, the firmware stops the actuator and reports a fault, which protects the mechanism if a switch fails. PWM is generated at 20 kHz, above the range of human hearing, so the drivers do not produce an audible tone in a space intended to be calming. | F7: Add measured travel times once calibration has been run on the wall. Confirm the PWM frequency and timeout values are the ones used at submission. | G7: firmware/motor-board/README.md; MotorController.cpp; config.h | H7: To do
A8: 3.4.7 | B8: Wireless Communication | C8: After 3.4.6 | D8: Explains the ESP-NOW link and why it replaced the serial plan. | E8: The original plan was to command the boards over a wired serial connection. This was replaced with ESP-NOW, which requires no signal wiring between the master and the wall and addresses each board directly by its hardware address. Commands are sent as four-byte packets containing an identifying byte, the actuator number, the command, and a value. Six commands are defined: drive forward, drive in reverse, stop, home, calibrate, and go to a position given as a percentage of full extension. A reserved actuator number applies a command to every actuator on a board. Each board reports back to the master four times per second with a six-byte status packet for every actuator, giving its state, estimated position, and any fault. An emergency stop is implemented by broadcasting a stop command to all boards at once and then repeating it to each board individually. The complete packet formats are listed in Appendix D. Each board also provides a text console over its USB port that accepts the same commands, which allowed individual boards to be tested without the rest of the system. | F8: Report measured range and reliability in the installation location if you test it. Confirm the status rate (250 ms) is unchanged. | G8: claude/master-ui-and-gateway.md; firmware/motor-board/CommsEspNow.cpp; firmware/gateway/ResonantWallGateway.ino | H8: To do
A9: 3.4.8 | B9: Master Control Software and Interaction Logic | C9: After 3.4.7 | D9: This is where the engineering connects to the artistic intent. Currently absent from the report. | E9: The master control application was written in Python. It provides a graphical interface for configuring each board's connection, sending manual commands, monitoring the state of every actuator, and stopping the wall. The interaction model treats a participant as a point on the face of the wall. Each wall section calculates its distance from that point, and its target extension is reduced according to a Gaussian (bell-shaped) function of that distance. The section directly in front of the participant retracts fully, neighboring sections retract partway, and distant sections remain extended. The result is a smooth recess that follows the participant along the wall, rather than individual sections switching on and off. Two parameters shape the behavior: a radius that sets how far the response spreads to neighboring sections, and a smoothing rate that sets how quickly sections follow their targets. To prevent sections from chattering when a participant stands still near a boundary, commands are issued with hysteresis: a section is commanded to retract only when its target falls below 12 percent extension and to extend again only when its target rises above 85 percent. When the hallway is unoccupied, all sections return to full extension. This behavior was designed to express the installation's theme. The wall yields to a person's presence and closes behind them, and the shared response of neighboring sections reflects the project's emphasis on connection rather than isolation. | F9: Add a screenshot of the interface. State which mode (threshold or position streaming) was used on the final wall. Adjust the final paragraph to match the team's own artistic intent. | G9: master/resonant_wall_master.py; claude/resonant-wall-master-spec.md | H9: To do
A10: 3.4.9 | B10: Occupancy and Position Sensing | C10: After 3.4.8 | D10: Documents the ToF sensor work, which is the core of the project description. | E10: Time-of-flight sensors were chosen to detect when a person enters the space in front of the wall. The design calls for VL53L0X sensors positioned at the hallway thresholds; a distance reading shorter than the width of the hallway indicates that someone has crossed. The sensor was first evaluated on an Arduino Uno. It was configured in its long-range mode, which trades some speed and accuracy for greater detection distance, and polled ten times per second. The test confirmed that the sensor was suitable for threshold detection at hallway distances. Because the sensor measures reflected infrared light, its range is expected to be reduced in direct sunlight, which should be considered when the installation site is chosen. When several of these sensors share one I2C bus, each must be assigned a unique address at start-up. This is done by holding all sensors in shutdown and enabling them one at a time, assigning each an address before the next is enabled. The threshold sensors establish whether the space is occupied. Tracking where a participant is along the wall is planned to use overhead cameras, with the tracked position supplied to the interaction logic described in Section 3.4.8. | F10: Add your measured detection distances. State how many sensors were installed, where, and whether they are read by an ESP32 at submission. State the status of camera tracking honestly (planned, prototyped, or working). | G10: claude/vl53l0x-arduino-uno-test.md; TOFpins.png; DS_vl53l0x.pdf | H10: To do
A11: 3.5 | B11: Safety Considerations | C11: Methodology, after 3.4 | D11: A moving wall in a public hallway raises obvious safety questions that reviewers will ask. The report says nothing about them. | E11: Because the installation moves in a space shared with the public, safety was treated as a design constraint. Several measures were built into the electronics and firmware. The motor drivers are disabled by default in hardware and are enabled only after the firmware has started. Each actuator stops at its limit switches, and a timeout stops any actuator that fails to reach one. An emergency stop in the master application halts every actuator with a single action, and closing the application sends the same stop command. Some risks remain in the current design. The scissor mechanisms create pinch points that are not yet guarded. The boards cannot measure motor current, so an actuator that is blocked by an obstacle will continue to push until its timeout expires. [Describe the force the actuators can apply and any physical guarding, speed limits, or signage used.] These items should be addressed before the installation is left unattended in a public location. | F11: Fill in the bracketed sentence. Check with your advisor whether WPI requires a safety review or IRB approval for participant studies. | G11: firmware/motor-board/README.md; claude/motor-board-peripheral-firmware.md | H11: To do
A12: 4.3 | B12: Control System Development and Bench Testing | C12: Findings, after 4.2 | D12: Findings currently report only on the mechanical wall and the brainstorming sessions. | E12: The control system was developed and tested in stages. The time-of-flight sensor was confirmed to detect targets at hallway distances when tested on an Arduino Uno. The motor board firmware was exercised on the prototype driver board, where [N] actuators were driven in both directions from the USB console. The master control application was verified against simulated boards that reproduced the firmware's command and status packets, which confirmed address detection, delivery acknowledgement, status decoding, both motion modes, and the emergency stop. [Report results on real hardware here: whether the gateway and boards communicated over ESP-NOW, whether homing and calibration ran on the revised board, the measured travel time of each actuator, and whether the wall responded to a person.] These results show that a wall of independently actuated sections can be coordinated wirelessly from a single controller using inexpensive components, and that the interaction behavior can be developed and adjusted in software separately from the hardware. | F12: IMPORTANT: replace both bracketed passages with what was actually tested. As of the project notes, the revised board had not been built and the gateway had not been run on hardware. Do not keep the last paragraph unless the hardware results support it. | G12: claude/master-ui-and-gateway.md (Status); claude/vl53l0x-arduino-uno-test.md | H12: To do
A13: 4.4 | B13: Technical Limitations | C13: Findings, after 4.3 | D13: Stating limits plainly strengthens the report and gives the next team a starting list. | E13: Several limitations of the current system should be noted. Position is estimated from drive time rather than measured, so accuracy depends on calibration and will drift if the load on an actuator or the supply voltage changes; each actuator re-establishes its position only when it reaches a limit switch. The boards have no current sensing, so a stalled or obstructed actuator is detected only by timeout. On the revised board, two limit-switch inputs share pins with the USB serial port, which restricts use of the USB console while those actuators are running. The infrared sensor inputs and LED output on the board are not yet used. Most importantly, no participant data were collected. The system's effect on mood, stress, or social connection has not been measured, and the wellness claims in this report remain a hypothesis supported by the literature rather than by this installation. | F13: Remove any limitation that has been fixed by submission. | G13: claude/motor-board-peripheral-firmware.md (Open items) | H13: To do
... A21: Bibliography | B21: Bibliography additions | C21: Merge alphabetically into the existing list | D21: The new technical sections cite hardware that has no references, and one existing citation has no entry. | E21: Espressif Systems. ([year]). ESP32-WROOM-32 datasheet (Version [x]). [URL] Espressif Systems. ([year]). ESP-NOW. ESP-IDF Programming Guide. [URL] Infineon Technologies. ([year]). BTS 7960 high current PN half bridge NovalithIC (Rev. [x]). [URL] STMicroelectronics. ([year]). VL53L0X: Time-of-Flight ranging sensor datasheet (Rev. [x]). [URL] Watson, D., Clark, L. A., & Tellegen, A. (1988). Development and validation of brief measures of positive and negative affect: The PANAS scales. Journal of Personality and Social Psychology, 54(6), 1063-1070. WPI Mental Health and Well-Being Task Force. (2022). [Report title]. Worcester Polytechnic Institute. [URL] | F21: Take the year and revision from each datasheet's cover page. Verify the Watson reference and the exact title of the WPI task force report before using them. | G21: Datasheet PDFs in the project | H21: To do
